tweet,twitter,datasift,confidence
"@pauline_a_ @harmonieuse_ ahah y a de quoi nan?",fr,fr,95
"@AlittleMarket si je peux aider, vraiment n'hÃ©sitez pas ^.^",fr,fr,97
"#tech #magazine [Search] Algolia, lâ€™ambition amÃ©ricaine se confirme http://t.co/5k4LiVmCd7",fr,en,98
"C'est le Japon Ã§a. *fuit*",fr,fr,96
"hope",und,en,83
"@harrycopeman what's the error?",en,en,94
"Je suis entrain de la faire culpabiliser je crois.",fr,fr,98
"Un bon verre avec du citron Ã§a rafraÃ®chit",fr,fr,97
"Merci merci aux gens",fr,lb,95
"@Thomas_officiel Ã  18h50",und,en,83
"bonne journÃ©e et demain matin pas stage ğŸ‘Œ",fr,fr,97
"mon snack s'est transformÃ© en quick, j'ai bien fait de venir Ã  l'Ã©cole Ã  10h haha",fr,fr,98
"@drugxofhazza yep :)",und,en,80
"On ne donnera aucun nom.   Ivres, 120 patrons sÃ¨ment le trouble dans un TGV http://t.co/yG4TKAxmyJ via @20minutes",fr,fr,98
"JSUIS EN CARRE OR EN PLUS CNHZDDDDDDDDDDDDDDDDDDDDDDDDDJKQzseeeeeeeeeeeeeeeeeeeedqeozi",fr,en,98
"demain &gt;&gt;&gt;&gt; fÃªte du collÃ¨ge !ğŸ‘Œ",fr,fr,96
"@JulienHazotte pas bÃªte",fr,fr,90
"par contre la muzikk de la coupe du monde sur beinsport elle casse un peux les couilles #CDM2014",fr,fr,98
"#OnVeutRencontrerLes5SOSAvecCauetSurNrj Albdkskdkkdkxkskodkdjdj",fr,da,96
"@LiliePunk rien trouvÃ© ! Vu que la saison 1 c'est terminÃ©e la semaine derniÃ¨re je pense qu'il faudra attendre la rentrÃ©e pour en savoir +",fr,fr,99
"@HanwTony coucou pepe roni dimanche tes obliger de venir bisous a dimanche beheheheheh (chevre) #Fou",fr,fr,98
"@Dilara_Bhr WALLAH JECRIVAIS COMME SA AVANT JDEBIEL LA PTDDDDRRRRRRRRRR",fr,fr,98
"Trop mignon",fr,fr,92
"@alimrqs il aurait pu faire un truc bcp mieux mais bon ://",fr,fr,97
"@Norhainebm @SooFunnyPost Le film esmou 17ans encore ! â™¥ Haha ta3ref chnowa cht'hit tawa ? :p",pl,en,98
"@neaavenT @Theo_Wx + hda = izi",sl,ny,88
"Les tbzien ils sont tous triste c'est trop mignon",fr,fr,98
"Inscription en Terminal L #Fait",fr,en,96
"@syswarren dans ce contexte, '?' = 'relou, tu vas me faire chier encore longtemps ?!'",fr,fr,98
"@Bulshi_Lane oublie pas que mÃªme le perdant peut se qualifier pour le prochain tour. Si on perd, aprÃ¨s y'a la GrÃ¨ce et la GrÃ¨ce voilÃ  quoi..",fr,fr,99
"Aurier .. ğŸ™Œ #CIV",it,en,87
"Re bonsoir @ju2ch07, effectivement comme l'indique @MatthioFishal, le rÃ©seau change en septembre pour Ãªtre plus performant. (1/2)",fr,fr,99
"@carolyn73916965 bah dis lui qu'elle a tort parce que dans tout les cas un ananas c'est pas sensuel (enfin pas a mes yeux aprÃ¨s elle)",fr,fr,99
"bbl",und,ia,80
"mais Ed Sheeran il fait les meilleures musiques mon dieu",fr,fr,98
"@Saranus__ ;)",und,??,0
"@emmaquarium @Sarah_Dmts c quoi cette punchline a la booba",fr,fr,97
"@BeMonda Grazie mille !",it,it,92
"@Canopute super nouvelle ! Merci de m'avoir rÃ©pondu dans le respect Axel.",fr,fr,98
"@OCameroun237 Revue de #presse Africaine de ce jeudi 19.06.2014 sur http://t.co/1nyAHO4SrW UNE: Lions indomptables, la prÃ©visible dÃ©culottÃ©e",fr,fr,98
"LA CUTANCE DE SA PETITE TETE",ro,sk,96
"Oh Gui kÃ©k queres?",fr,hu,95
"@lloydrewx tu te descend toi mÃªme",fr,fr,96
"Taux de chÃ´mage et chÃ´meurs en France : le point en juinÂ 2014 http://t.co/eTxL0HzFjB",fr,fr,98
"MÃ©tropole Electroni[k] - Interview de Lynn Pook : la maison de retraite de Cleunay comme vous ne l'a... | @scoopit http://t.co/KrOQtgKFCi",fr,fr,98
"@sophiesagefemme @Taltyelemna @Mlle_Juls @docmamz @KnackieSF en Australie j'ai vu des crÃ¨mes de bÃ´Ã´Ã´tÃ© au placenta...",fr,fr,98
"RT @Franchise_FFF : PrÃªt Ã  la crÃ©ation d'entreprise - Fiche mise Ã  jour par @APCE http://t.co/nzAv6mqrYm",fr,fr,98
"ğŸ™ˆ http://t.co/5nshZvR33a",und,??,0
"@louehxjawaad @dnwniall Moi non plus, on se soutiendra",fr,en,96
"@Nora_Fontaine VA VOIR LE LAST TWEET DE DAVIIID !!!!!!!! ... ... ...ET RETROUVE TES TIIIIIMBREEEES :'(",fr,fr,98
"âš½ï¸ http://t.co/zRdIqZJ51B",und,??,0
"@leonnaboo #bbchou ğŸ˜",lt,??,0
"@_lovely_luke_ fback? :)",de,en,85
"@poupounaa @Yamina_Ora jsuis invente ?",fr,en,93
"@maellechqt Sinon Ã§a aller pas le faire la :/",fr,fr,96
"Actu. Politique DÃ©fi Facebook et photos d'enfance: 'Une photo ou un resto', le nouveau jeu mignon et sans danger http://t.co/TKU2XhUlup",fr,fr,99
"@pretty_enjoy @dkxya mdr bah moi je vous le dis ğŸ˜œ",fr,fr,96
"Les ivoiriens vont gagner",fr,fr,96
"J'ai ajoutÃ© une vidÃ©o Ã  une playlist @YouTubeÂ - Lilly Wood &amp; The Prick and Robin Schulz - Prayer in C (Robin Schulz Remix)",fr,en,99
"Les larmes de Die OMGGGGGGGGGGGGG #Team225 Allez les Ã©lÃ©phants",fr,fr,98
"#openbayard J-1 ! Demain live tweet depuis nos conferences, ateliers et partages d'experience #presse #edition #transmedia #entreprise",fr,en,98
"@_xsmileofhoran je penserais fort Ã  toi â¤ï¸",fr,fr,96
"@aivzglt moi aussi ! J'la kiffais",fr,fr,95
"@louise_dbnt cela va de soi! ğŸ˜‡",fr,fr,93
"Match n'a pas commencÃ©, tu pleures #CDM2014",fr,fr,97
"elle comprend pas que j'ai besoin d'elle",fr,fr,97
"@RiadhOFG On t'as dÃ©jÃ  dit que les filles aiment pas quand on leur rÃ©clame un tÃ©ton :/",fr,fr,98
"J'aurais voulu voir sa tÃªte Ã©nervÃ©",fr,fr,97
"OMFG le cast d'Harry Potter #LRT",en,en,96
"@undressedyou_ Ah bon ?",fr,so,87
"20syl - Kodama [Official Video] http://t.co/4LolIUpE8u",et,en,96
"Tee shirt noir brillant http://t.co/FwUzOlN55C",en,en,96
"Pour Marine Le Pen, le FN est "le meilleur bouclier" des FranÃ§ais juifs http://t.co/M34UrKW9Tz",fr,fr,98
"JE DESACTIVE.",fr,es,92
"Je participe au #Concours pour tenter de remporter un des 10 Serveurs #Minecraft ILLIMITÃ‰ =&gt; http://t.co/qiqAmi4dpj http://t.co/e65WppNCzP",fr,fr,98
"@W4rducks @EmeMms Merci google.fr",fr,lb,94
"ALLEZ A GEORGES V YA JOSH SANDY ET TOUT",ht,fr,97
"@smilexfirwin Pas de suite, mais je vais faire un court mÃ©trage #BlackMsurVevo",fr,fr,98
"@pizzophile grv peut Ãªtre qu'on Ã©tait des hÃ©ritiers de famille royale",fr,fr,98
"il y a un truc qui est Sur je n'oublierai jamais les vrais",fr,fr,98
"Ã‡a fait bizarre de voir les profs de sport quand ils sont pas en survet",fr,fr,98
"Vienne : une centaine de patrons ivres provoquent l'arrÃªt du TGV http://t.co/FueULscSAu via @le_Parisien",fr,fr,98
"@CallmeJuusol_ est " obligÃ© de crier pour m'entendre" !",fr,fr,97
"@Julienderegnau tg",und,??,0
"Demain,avec Jess ChÃ©rie,on doit organiser notre fÃªte de la musique,et le 28 juin! #Projet",fr,fr,98
"@INTHEHOOD_185 envoie",fr,fr,87
"J'EN AI MAAAARRE",fr,nn,94
"@ManonCisquella ouais ouais",fr,fr,92
"LE #CHIFFRE_DU_JOUR: 64 c'est le nombre total des matchs qui seront jouÃ©s pendant la #co... http://t.co/FbiOnnybPV http://t.co/wNDMpnX1eb",fr,fr,98
"MON TRAIN POUR DEMAIN ET ANNULÃ‰ J'PEUX PAS ÃŠTRE CALME BORDEL DE SA MERE LA PUTE",fr,fr,98
"Coucou &lt;3 http://t.co/qaHOFBtPJQ",fr,pt,87
"J'Ã©coute les Fatals Picards, Ã§a faisait trÃ¨s trÃ¨s trÃ¨s longtemps.",fr,fr,98
"3 people followed me // automatically checked by http://t.co/q5GWw0WASj",en,en,97
"@YasinSlh @gillis_louise @eiryjS bha ouais et alors ? En plus on a pas dit que c'Ã©tait dur, juste chiant",fr,fr,98
"Photo :  http://t.co/0D9JsexAhx",pt,en,85
"Mon copain vient chez moi en vÃ©lo mais repart en voiture trÃ¨s trÃ¨s intelligent :')",fr,fr,98
"En dp3 c'Ã©tait Ã©norme",fr,fr,95
"@Gardicanin ğŸ‘ğŸ‘ğŸ¶ğŸ±ğŸ‘",und,??,0
"Par contre c'est pas cool de toujours rammener Fred au mÃ©nage wesh c'est pas votre bonne hein #LesAnges6",fr,fr,98
"@Call_Me_Gary Il est...wouah. Tout ce que j'ai Ã  dire:')",fr,fr,97
"@SaraMeyrial1 c'est vraiment un cas cette nana !",fr,fr,97
""@lesxviezvous: http://t.co/VKgeQRy551"",und,??,0
"bonjour bonsoir",fr,fr,94
"Exercise and Mental Health: What did We Learn in the Last 20 Years? | Frontiers (2014) http://t.co/6cXvwAB3Hw http://t.co/6lV4OlwDcx",en,en,98
"@r4ch__L yo! trop trop fort! :)) j'me suis tapÃ© des sacrÃ©s barres de rire avec Ã§a!!! merci ;)",fr,fr,98
""@lumaidenlu: Baek ojd il a l'air mort http://t.co/rCidxoTLj3" premiÃ¨re nuit trÃ¨s longue avec taeyeon visiblement",fr,fr,98
"Bon 0-0 Cote d'ivoire marquez hein!!! 225 en force",fr,fr,97
"@teresasarcelles tqttt ce soir",fr,fr,93
"Quelle position Ã©rotique allez-vous adopter ? http://t.co/299HK0in1y",fr,fr,97
"LA FOUINE MDR IL VA AU CONCERT DES 1D DEMAIN #WWATourInFranceTomorrow MDRRR",fr,fr,98
"Les compos officielles de Colombie-Cote d'Ivoire http://t.co/ZBLmiix0ff",fr,fr,98
"Moi j'aime le couple baekhyun/taeyeon fvg les rageux ptn",fr,fr,98
"Un vrai ami c'est quand vous arrivez chez lui et vous Ãªtes dÃ©jÃ  connectÃ© au wifi.",fr,fr,98
"â–€â–€â–ˆâ–€â–€â–’â–ˆâ–€â–€â–€â–’â–ˆâ–€â–„â–‘â–‘â–‘â–‘â–‘â–ˆâ–’â–ˆâ–€â–€â–„  â–‘â–’â–ˆâ–‘â–‘â–’â–ˆâ–€â–€â–’â–’â–ˆâ–€â–€â–„â–‘â–„â–‘â–’â–ˆâ–’â–ˆâ–„â–„â¤  â–‘â–’â–ˆâ–‘â–‘â–’â–ˆâ–‘â–‘â–’â–’â–ˆâ–„â–„â–€â–’â–€â–„â–„â–€â–’â–ˆ â–¶@1senisevdimben @1senisevdimben @marichell_1  @Follow10x10â—€",und,??,0
"@rickyaustins AUTANT PAS FAIRE LES CHOSES Ã€ MOITIÃ‰ AMOUR. J'espÃ¨re juste que Ã§a marchera et que je rÃ©ussirais Ã  rentrer. ğŸ’˜",fr,fr,99
"â€œ@RegleDeFilles: Les soldes commencent le 25 juin, vous Ãªtes prÃªtes les filles ?â€ Le jour de mon anniversaire ğŸ’",fr,fr,98
"CrÃ©ation Sonacom : Habillage du player du nouveau site web de @RTLFrance : http://t.co/2vtXeokldj @ThomasKarolak @antoinedaccord",fr,fr,98
"Aaaah donc c'est comme Ã§a je trouve des photos de moi en train de dormir sur la table ğŸ˜‚ğŸ˜‚ğŸ˜‚ğŸ˜©ğŸ˜©",fr,fr,98
"Nouveau coup de coeur : http://t.co/VYnMlyKtG0 / This Is Love http://t.co/2DqWHOIgOx #deezer",fr,en,97
"ALLEZ AIMER NOTRE PAGE SUR JOSH ET JEN !!! :) https://t.co/V25LqDOrd4",fr,fr,97
"Juicy blonde haired cutie Lexi Belle http://t.co/Td3jJysjxX  #DirtyMasseur #Feet #Massage #Oil #NaturalTits #Blonde http://t.co/N2EjWR3cFB",fr,en,97
"@Maaarinement_ De quoi mdrrr",fr,fr,93
"Pas trop tÃ´t : il y aura du wi-fi gratuit Ã  l'aÃ©roport CDG de Roissy Ã  partir du 1er juillet",fr,fr,98
"J aimerai bien les voir gagnÃ© et passÃ© le 1er tour #CIV",fr,fr,98
"@copi35 Je t'avoue que moi aussi j'Ã©tais prÃ©sent h24 ici et j'en ai jamais entendu pour cette Ã©dition 2014 @itsimene @ACatToTheMoon",fr,fr,98
"Cheveux coupÃ©s â™¡",fr,fr,94
"@613Laura @LisouilleFilali essaye voire, impossible de rÃ©sister",fr,fr,97
"@SewyRR Bah vas bouffer idiot",fr,en,95
"@LouuChan_ j'ai fait quoi ?",fr,fr,93
"Damn y'a mÃªme pas un seul ivoirien au stade que des colombiens mais c'est maÃ¯s !! ğŸŒ½ğŸŒ½ğŸŒ½ğŸŒ½ğŸŒ½",fr,fr,98
"Jeremy Clarkson to Nelson Mandela: 'Have you ever had a lap-dance?': Zelda La Grange, Nelson Mandela's former ... http://t.co/zObyuPa0qw",en,en,99
"#OnVeutRencontrerLes5SOSGrÃ¢ceACauetSurNrj @cauetofficiel pour mon anniversaire je t'en supplie cauet, je les adooore â™¡ #OneManMorges 379",fr,fr,98
"@Laulau_Lpz Vi 2 mer 2 ğŸ˜¢",sv,no,87
"@neymarjr follow me neymar please ğŸ’",en,en,96
"Wow les ivoiriens assurent le match #CDM2014  #jourdeCDM",fr,en,97
"Instapic de @Stephaniiie_d "GÃ¢tÃ© ğŸ’œ" @BlanchardManon http://t.co/I5GlVBVz74",fr,en,95
"â€œ@obrzien: @unevoixrauque bouche de merouâ€ :o",fr,fr,94
"UNE PETITE APRIL OMG",fr,en,95
"J'suis rester dehors",fr,fr,95
"Il y a une gars depuis ce matin je le vois au stage mais on dirait Liam Hemsworth en moins grand *-*",fr,fr,98
"@Cb_Antoine nan mais en plus jsuis sÃ»re ils seraient capables ...",fr,fr,98
"Aucuns dons dans la boÃ®te. Je sais que l'Ã©vÃ©nement est rescent, mais nous avons besoin de vous. Vous pourrez... http://t.co/Kkq2tjmkvo",fr,fr,99
"#HappyBirthdayMacklemore. #10.",en,??,0
"@Miliecd Ah oui! Moi aussi j'ai vu la fin (y a longtemps) et du coup je retire tout ce que j'ai dit. Enfin presque.",fr,fr,99
"Ptdrr Fred putain #LesAnges6",fr,en,94
"Aller la cote divoire dÃ©couragement nest pas ivoirien",fr,fr,98
"demain soir je vais pas arrÃªter d'harceler Lauriane ahahah #wwat",fr,fr,98
"colombie/cÃ´te d'ivoire, je suis indiffÃ©rent, je m'en branle un peu",fr,fr,98
"Vraie reconnaisse vraie. ğŸ‘ŒâœŒğŸ‘ŠğŸ’™ğŸ’œ",fr,fr,96
"@AliaOfAsgard Sur",und,fr,80
"Ca va etre sympa les deux mois tiens",fr,fr,97
"Devant les anges âœŒï¸",fr,en,95
"#COL - #CIV legooo",ro,tn,87
"Surtout seule...",fr,fr,93
"@BesacTof @MaitreLena Qd tu te maries tu dois faire des tests concernant un projet d'enfant. Comme si les 2 Ã©taient liÃ©s. Pas trÃ¨s moderne!!",fr,fr,99
"@_jessicapancake Nichkhun aussi il est sexy",fr,fr,96
"GOOOOO #ONDAR",pt,en,87
"Un jour le frÃ¨re de Reyhan il a dit Ã  sa propre mÃ¨re "et ma grosse bite sur ton front" voila rzp la mif",fr,fr,99
"Regardez jamais le foot avec moi, il faut presque tout m'expliquer, pas moyen que Ã§a rentre",fr,fr,98
"florent t's-tu dÃ©jÃ  doigtÃ©",fr,fr,96
"@MarcoPoloFP Ã‡a viens d Ãªtre  annoncer sur facebook ! https://t.co/fjhSJBLRaw",fr,fr,97
"â€œ@JohannaByr: anais c'est une conne un.plus gros dechet dela telerealite elle manque de respect mal eleve #LesAnges6â€ AMEN.",fr,fr,98
"Je pollue les oreilles de @Pirlaplum avec une bonne heure de J-core en attendant lâ€™Ã©ventuel dÃ©but des Steam sales ou pas",fr,fr,99
"@Bmesrimes #BlackMsurVevo  Ton equipe preferer au foot ? (en france  ligue 1) Moi perso st etienne &lt;3 #Aubameyang &lt;3 Allez les verts &lt;3 &lt;3",fr,fr,98
"@YassineAffelay ne me quitte pas",fr,fr,94
"Flash-mob et concert Ã  l'hÃ´pital Henri Mondor http://t.co/8QN5mB6IEj #ValDeMarne #94",fr,en,97
"Je vais prÃ©parer un long messagepour jeanne pour demaon, lui dire qu'elle a ses idoles devant elle, que ce sera extraordinaire nanana",fr,fr,99
"@Feel_Apart C'est pas grave. ;)",fr,fr,94
"@Ashton5SOS FOLLOW ME PLEASE I LOVE YOU SO MUCH SUNSHINE â™¥â™¥ XX16",en,en,97
"@2h15jack j'avAIS mdrrr je suis soignÃ©e maintenant ; ; mais avant si je faisais pas certaine action trois fois (genre baisser une poignÃ©e hm",fr,fr,99
"@melledusk il est venu avec sa poudre de perlimpinpin ? Et son chapeau pointu turlututu ? Y a un dragon et une forÃªt magique ou pas ?",fr,fr,99
"Hi Michael Clifford from 5sos,I love you so much.Can you follow me please? â›„Look my surprise https://t.co/TxW3SBxuXu ğŸ’•@Michael5SOS 5792",en,en,98
"Quand on tweet pas Ã§a unfollow sec hin bande de pd",fr,en,98
"Alexandre et Axel ils Ã©taient cools aujourd'hui:)",fr,fr,98
"@pauline_a_ @harmonieuse_ Lucy c'est une queen, c'est une warrior, c'est tout ce que tu veux ahah",fr,fr,98
"@albyun elle a un sens ta phrase mdr? C PAS BIEN DE SE FAIRE VOMIR!!",fr,fr,98
"Infographie : Sony nous explique pourquoi le waterproof, c'est bien http://t.co/aQ1WvIFiLJ via @NewsRepublic",fr,fr,98
"-payer mdr.",fr,fr,90
"j'ai envie d'aller o toilette",fr,pt,96
"@FrankieJGrande you prefer miley or justin? ğŸ’•",en,en,96
"Je pense au "avant le concert" pour Ottavia et Marg mais j'avais pas pensÃ© au aprÃ¨s ğŸ˜‚. HÃ¢te de voir Ã§a",fr,fr,99
"@aliciawitty @JustifiedFX @kerrymarsh hahahahaha!!!!! Stop!!! My poor Tim and you!! LOL!!!!!!!",en,en,97
"Faites Sauter la Banque avec PROFITS25 http://t.co/ZITa1LvINV",fr,fr,97
"Les gens qui unfollow la nuit. Hmm.",fr,fr,97
"Je fait plus rien en cours , c'est impressionnant.",fr,fr,97
"Duval c'est un pourri putin #CV",fr,fr,96
"J'aime une vidÃ©o @YouTube de @gaeldrofficielÂ - Gaeldr VS Achievements Annonce Sondage http://t.co/c7unefy85W",fr,fr,98
"Le site du covoiturage il m'a soÃ»ler !!",fr,en,97
"@vnataf  ;-) pour  ma part j'Ã©coute Patrick Cohen sur FI en allant au boulot et Gilles Bouleau Ã  20h ;-) Ã§a me suffit",fr,fr,99
"Comme quoi le jeudi c'est vraiment une journÃ©e de merde!",fr,fr,98
"Ptn on joue trop Ã  l'espagnol devant les cage ! faut canarder Ospina ptn",fr,fr,98
"@TanguyJounier Vas-y retourne avec ton pain lÃ ...",fr,fr,97
"Ce regards...cette faÃ§on de mouvoir ces bras...je ne suis pas dupe: il s'agit bien de la rÃ©incarnation de Paul le... http://t.co/EewRav3ehZ",fr,fr,99
"c la cote d'ivoire qui joue conte la Colombie",fr,fr,97
""ÌªÍ’ÍÌ¬Ì‰à¸´ÌªÌ¨Ì»Ì‡Í£Ì³Ì¼Ì¤Ì˜Í£Ì¬Ì‚Û§á·„Ì’Û£Ö¼à¸¶Í†      ÌœÌ®Ûªà¹ˆÍ›Ö»à¸ºÍ†Ì«Ì³Ì¨à¸¸Ù”Ì‡à¹ŒÍ“Û á·„Û­",th,??,0
"@Simplelaety *loin de montrer les capacitÃ©s des garÃ§ons",fr,fr,97
"@Elisadurant bin airepondu en demandant qui c'est",fr,fr,97
"C'est l'Ã©motion &gt;&gt;&gt;&gt;&gt;&gt;",fr,fr,94
"J-2 dodo enfin peu de temps quoi !!! &lt;3 *-* #WWATFrance #21Juin2014 @onedirection @UgoCbb @louna_quartino",fr,fr,96
"Allez les Ã©lÃ©phants #CDM2014",fr,fr,95
"@SallyTayloor jtemmene",fr,en,90
"Ce soit je soutiens l'Angleterre et toi @MadGunsGirl ?",fr,fr,97
"merde alors",fr,br,92
"Une dÃ©cision de l http://t.co/qh9ZIcEjMv via @Medias24",fr,en,95
"@Experimentboy Tu veux pas nous faire un truc genre "10 faÃ§ons de tuer ces saloperies en slow motion" ?",fr,fr,98
"@RiinaLaBelva Bah voilaa c'est tout, l'avantage c'est qu'avec ces gens tu peux rÃ©ussir tt ce que tu veux.. Sans piston t'es rien",fr,fr,99
"Tout le monde va dÃ©barquer d'ici quelques minutes. Stress.",fr,fr,98
"@Cornichomnom11 la seule fois oÃ¹ j'ai regardÃ© c'Ã©tait Ã§a",fr,fr,97
"Nouveau : le Hit Parade du PSG au Mondial: Paris Team scrute les rencontres qui concernent les o... http://t.co/vV0tAsiMon #teamPSG #psg",fr,fr,98
"@parisausoleil On ne peut pas tout avoir !",fr,fr,96
"@FFKPM @albyun MDDDDR ah non j' y croirais pas!",fr,fr,96
"#BienvenueChezNous Un peu d'audace !! Venez changer les Ã©missions de TV sur http://t.co/ZMJmwYBcTf : 5000â‚¬ en jeux!",fr,fr,98
"Marine paye ton mcdo",fr,tk,95
"#OnVeutRencontrerLes5SOSGrÃ¢ceACauetSurNrj STP Ã§a fais super longtemps que j'attend de les rencontrer et j'en ai jamais eu la chance 476",fr,fr,99
"why http://t.co/QgaqYup9A4",und,en,80
"@zainsfenty oui",und,fr,80
"hi @zaynmalik,you're my sunshine,my everything and i just need your follow to make me happy.follow me babe,please.je t'aimeâ™¡ 10,502",en,en,99
"@arizonarryx fd/BKLDGKBGDLMBKGDB",in,??,0
"@CandyRbp @Keliow_RAF ptdddddr laisser moi euuuuuh ğŸ˜­",fr,fr,96
"@LeRizCantonais Tant pis tu verras pas l'Ã©volution !",fr,fr,97
"new edit in a few mins : ]",en,en,95
"Je leur faisais trop les abdos avec mes conneries mouhahaha",fr,fr,98
"@Ilovefolicacid @_H0DA MDRRRRRRRRRRRRR MAIS MADAME SALSA",fr,en,97
"La meilleure ğŸ’•ğŸ‘­ğŸ’•ğŸ’˜ğŸ’˜ğŸ’˜ğŸ’˜ğŸ’˜ http://t.co/mcwgio20dP",fr,fr,92
"@_myrrrr jveux que t'arrÃªtes de dire dla merde stp",fr,fr,97
"@brittanysaal are you excited to come back in France soon?",en,en,97
"Mddr je dit sa parce que je Sait je vais pas l'avoir",fr,fr,98
"Enfin une rÃ©ponse !!!!!",fr,fr,95
"Ùˆ ØªØ¸Ù„ Ø³Ø±Ø§ Ø¨ÙŠÙ† Ø§Ù„ÙˆØ±Ù‚ Ùˆ Ù‚Ù„Ø¨ÙŠ... ÙŠÙ‚Ø±Ø¤Ù†Ùƒ Ø³Ø·Ø±Ø§ Ùˆ Ø§Ù†Øª Ø¨Ø¯Ø§Ø®Ù„ÙŠ Ø±ÙˆØ§ÙŠØ©",ar,ar,99
"@SoMuchCelebrity #SMCJeVeuxCettePlacePourLes1D",ht,??,0
"miskine moi",fi,fr,92
"moi mon Ã©chauffement sera de conserverr ma voix pour pouvoir crier fort aux buts ivoiriens #Go #CIV",fr,fr,98
"Mais j'suis vraiment pas sur",fr,fr,96
"@drugoflouis Dis pas Ã§a tu les verra un jour je te le promet. J'ai galÃ©rer des mois et des mois et au final j'y vais. ne perd jamais espoire",fr,fr,99
"Ambiance merveilleuse dans les tribunes .. Grande fÃªte du foot cette cpe",fr,fr,98
"LES CHEVEUX DE LOUIS EN CE MOMENT OMDDDDD ABHSVDHAVABABHAVQGZVZVVZVZBZ",fr,fr,98
"@AnnClaiLena merci :) ca va Ãªtre bientÃ´t pour toi aussi !",fr,fr,97
"La maintenant je peux regarder le match zen",fr,fr,97
"ØºØ±Ù‚ Ù…Ø±ÙƒØ¨ ÙŠÙ‚Ù„ 100 Ø´Ø®Øµ ÙÙŠ Ù†ÙŠØ¬ÙŠØ±ÙŠØ§ http://t.co/s0sVeloqTL #Ù†ÙŠØ¬ÙŠØ±ÙŠØ§ #Ø£Ø®Ø¨Ø§Ø±",ar,ar,98
"@la_banane Syida khadija Ã©tait femme au foyer qui avait de l'argent et louait des hommes pour faire du commerce pour elle",fr,fr,99
"1100 ma gueule !",fr,wo,90
""@uncxnnard: Les vraies ont connu cette sauce Ketchup du McDonalds ğŸ‘ŒğŸ˜˜ http://t.co/Iu6CWV9riZ" depuis qd Ã§a existe plus?",fr,fr,98
"@BasedMurabito @ShiroiMashimaro MON DIEU ANTHRA, NON ONONONONONONONONONONONONNONONONONONONONONONONONONONONONNONONONONONONONONONONONONONONON",it,fr,99
"Fleurs de Jasmin pour un look #Coachella ! On adore :) A shopper sur la boutique &gt;&gt; http://t.co/EDvGKxgnYT http://t.co/2kjPLi5LId",fr,fr,98
"Il y a dÃ©jÃ  des pÃ©titions pour le bac, si demain on a un sujet de merde @benoithamon va voir tous les TS de France dans son bureau ğŸ”ªâœ‚ï¸",fr,fr,99
"@httpxtaylor Moi j'ai bac de sciences puis le concert !",fr,fr,97
"@Arthurfldfcn je te jure mdr :(",fr,mi,93
"Ouh la faux cul !",fr,fr,94
"@ScottRayane tu me dÃ©Ã§ois",fr,fr,93
"@DWhyFul les effets sont trÃ¨s simple et c'et du fake sample je crois...",fr,fr,98
"Demain je vais galÃ©rer au bac de maths..",fr,fr,97
"@quent1du58 c'est clair que c'est du bon fist made in @lafistiniere ... x')",fr,en,97
"INFO : Nabilla vient de changer sa banniÃ¨re !",fr,fr,97
"@LouisChamard @_daftgirl @Kilian_Farrell @LucyLaCenille Ajactio :)",nl,la,88
"@MeryemKargin courage c'est bientÃ´t la fin",fr,fr,96
"Et puis mÃªme il est beau avec sa ptite boucle d'oreille de gitan lÃ ",fr,fr,98
""c'est la derniÃ¨re"",fr,fr,95
"y a quand mÃªme des trucs Ã©normes dans cette boite ptn",fr,fr,98
"@WEEDplayers tfk?",und,en,80
"@TeamLovatoFR plus maintenant",fr,en,94
"Et puis une semaine avec luiğŸ˜",fr,fr,96
"La @fedeb29 vote CONTRE ms @UBO_UnivBrest choisi d'augmenter ls frais d'inscri au @SuapsUBO... 30â‚¬ pr Ã©tu contre 50â‚¬ pr personnel (inchangÃ©)",fr,en,98
"@Louisoff_ mdr elles sont famous",fr,fr,95
"Par contre avoir revu l'autre Ã§a fait pas le mÃªme effet. Au pire osef. Et au passage, confie toi Ã  tes petites copines ksos si tu veux",fr,fr,99
"Ã‡a c'est des vraies larmes Serey Die, pas du cinÃ©ma comme Neymar !",fr,fr,98
"#Vuitton - Authentic Louis Vuitton Monogram Speedy 25 Purse Bag Vintage French Company Era:  $249.00E... http://t.co/9JQwzQEfuB @Ebay US",en,en,98
"Mon sujet de compta c'etait un sujet de fdp",fr,fr,97
"'FREAKSHOW VOL. 9 - DJ BL3ND' by DJBL3ND on #SoundCloud http://t.co/zK6b3CcXSO",en,en,97
"#solidarite UNICEF: Lâ€™UNICEF intervient pour les enfants dÃ©placÃ©s irakiens: Face aux dÃ©placements... http://t.co/qIaiKyfU7S #humanitaire",fr,fr,98
"Allez les Ã©lÃ©phants , donnez tout ğŸ‘ğŸ˜˜ #ColCIV",fr,fr,97
"@dreamswithpayne tu que sabes edu",fr,en,94
"@AustinMahone really",en,en,87
"Les chippendales qui ont de longues saucisses sont appellÃ©s Chippolatendales.",fr,en,98
"@JournalDuGeek croivez :o",fr,fr,90
"#SMCGreys  eruyji",bs,tr,87
"@Raiouss_ tu va faire quoi ? Me lancer du vin ?",fr,fr,97
"@Lg_romane oui!! Tu fais quoi l'annÃ©e prochaine si t'arrive a avoir ce bac? :p",fr,fr,98
"@ClarkKent51100 ahah!",und,sa,83
"Yessss je suis acceptÃ©e en double licence de droit l'annÃ©e prochaine ğŸ‘Œ",fr,fr,98
"Je fais que d'Ã©couter the xx - angels ğŸ˜’",fr,fr,97
"Ma chambre aprÃ¨s le bac c'est la guerre",fr,fr,97
"@Maeva_Alvarez Ouais fin il ESPÃˆRE rester, si ( et j'espÃ¨re ) que le plan Cuadrado foire bah les dirigeants garderont Dani ğŸ˜",fr,fr,99
"Je vais aller rÃ©viser quand mÃªme.",fr,fr,97
"C'est un gÃ©nie ce mec #benoit #lemag",fr,fr,95
"Quelqun a dit "Les Antilliais sont africain quand ils veulent" et quand les Antillais font les Francais ils traitent de bounty --'",fr,fr,99
"En pleurs",fr,fr,90
"@LaTeam224 Je sait pas mais il est pas titulaire en tout cas",fr,fr,98
"C'est reparti #COLCIV",ro,fr,93
"luke hemmings from 5sos IF YOU SEE THIS PLEASE PLEASE PLEASE FOLLOW ME THATS ALL IM ASKING ğŸ™",en,en,98
"Moi aussi je prend mes yeux en photo... Mais bon http://t.co/CmwiXWBkNF",fr,fr,97
"@gregoirelgy @teenslifeweird ouiiii mais ton problÃ¨me quand mÃªme :/",fr,fr,97
"La cote d'ivoire ca joue ienb hein",fr,fr,97
"L'amitiÃ© fille-garÃ§on existe. Mais l'amitiÃ© entre mon copain et une autre meuf, Ã§a n'existe pas.",fr,fr,98
"Fleksy Messenger â€“ Le mini clavier disponible pour Gear 2: Fleksy Messenger, propose un mini clavier logiciel ... http://t.co/4hw3MVFWLn",ht,fr,99
"@chadelattre Par rapport aux gens qui sont sÃ»rs de leur note? toi je sais pas mais moi de personne en particulier, j'ai entendu Ã  la tÃ©lÃ©-",fr,fr,99
"Le Jeu produit par la #CIV est beau.. Avec Yaya TourÃ© dans lâ€™entrejeu et Didier Drogba qui va rentrer en seconde mi-temps, Damn !",fr,fr,99
"Maronne.",fr,??,0
"Pied cassÃ© pour Embiid #fail",fr,fr,96
"#NW #COLCIV on @beinsports_FR #COL",ht,en,75
"Attendez pas Twitter pour lire des rappels ou le Coran",fr,fr,98
"@womeniall @sweet_horan_ @BANGONiall @xdrugofpayne @Aurianne9 @ENJOYxPayne @k_dulau @weber_charlene @LouizonHoran de my life quoi",fr,en,94
"â€œ@kordeic: @obrienacho @ifuckfelton @sunofcody MDRRRRRRRR NN MAIS LA VIE DM SI JVOUS VOIS PAS JE CHIALEâ€ http://t.co/3FJkNCWkLF",fr,fr,98
"@valoudu64 genre geothermie j'ai pas envie que Ã§a tombe",fr,pt,97
"Son pull a encore son odeur, c'ouf.",fr,fr,97
"15â‚¬ dans la poche pour la voiture, Ã§a c'est fait",fr,fr,97
"@Rock_isnotdead ah oui c'est prÃ¨s ! J'espÃ¨re que t'auras la chance d'y aller !",fr,fr,98
"@AmadorPadilla #RT Apoya #COL #Tricolor vs #CIV con @BrazilShaker! #WorldCup #VamosColombia http://t.co/IUzOwHejO9 http://t.co/begSci0y2j",es,es,92
"@Michael5SOS Who's he?",en,en,90
"en plus chamberlain est encore blesser fuck #URUANG",fr,fr,97
"@Chekib2K14 aÃ¯e Ã§a pique nan?",fr,fr,95
"S'endormir au soleil aprÃ¨s l'entraÃ®nement ğŸ‘Œ",fr,fr,97
"Je suis pas aimez msk",fr,fr,95
"@MELISSAMARIE hope you feel better soon Melissa ğŸ’•",en,en,97
"Jason Derulo "Trumpets" (Official HD Music Video): http://t.co/2QqbDoK9SC",en,en,97
"anais je t'aime pas ! tu te prend pour se que tu n'es pas ! tu te mÃªle de tout ! #LesAnges6",fr,fr,98
"@iankeithtom have funnnnnnnnn x",en,en,95
"La question, c'est : est ce qu'on va Ãªtre dÃ©Ã§ues une troisiÃ¨me fois ?",fr,fr,98
"Mdrrrr attend Fred elle a montrer son cul ? ğŸ˜‚ğŸ˜‚#LesAnges6",fr,fr,97
"J'aimerai bien avoir la mention TB pour faire plaisir Ã  ma famille",fr,fr,98
"@TournoisCandy vive les chenilles",fr,fr,95
"Le vrai coÃ»t des orages de grÃªle: un milliard d'euros http://t.co/kE36xbeiLy",fr,fr,98
"Ã‡a fait plaisir de voir @AntoniRuizz en plateau pendant tte la durÃ©e de #LeMag !! :)",fr,fr,98
"Jui torse nu o soleil",fr,fr,95
"Les faux amis croient aux rumeurs, les vrais amis croient en toi.",fr,fr,98
"en fait",fr,fr,88
"@ivaccessible je crois jsp o_O",fr,fr,94
"http://t.co/12ji02GvKJ",und,??,0
"Y'a du blanco sur chacune de mes entÃªtes tellement je suis nulle",fr,fr,98
"Comment j'aime pas la musique de la pub sfr",fr,fr,97
"Le milieu Yaya-Serey-TiotÃ© fait le taff",fr,fr,97
"#cdanslair &amp; voiture Ã©lectrique http://t.co/kBGSYTaCH4 Nissan Zeod, l'ovni des 24h du Mans",fr,fr,98
"#COL ğŸ™Œ",und,??,0
"DEMANDEZ MON Ã‰TAT A @IMAFIREWORK___ APRES MDRRRR",fr,fr,97
"@Alyne____ mdrr",und,fr,83
"ET MA MERE ELLE REPOND PAS AH NON MAMAN REPOND JE T'EN SUPPLIE",fr,fr,98
"allez les #elephants #CIV",fr,fr,90
"@Alenbosnaa t'as vu Ã§a ou ? :o",fr,en,94
"C'est une ouf, Fred ğŸ˜‚ğŸ˜‚ğŸ˜‚ğŸ˜‚ğŸ˜‚ #LesAnges6",fr,fr,95
"Mes bÃ©bÃ©s ğŸ˜ http://t.co/v5Auo4LSm1",fr,fr,92
"pendant que vous serez au stade moi je devrais me taper la cdm #TeamSadBecauseNoWWATForUs",fr,fr,98
"@Amicalement1969 bien ?",und,es,83
"Zebey",tr,en,85
"@Elod64 @Lolenax I'm sure Lo hates it lmaooo",en,en,96
"@walkintravestyparait que y'a rien eu pour l'instant, tu devrais y aller bb",fr,fr,98
"[ARTICLE] Essonne : Le Conservatoire du Val dâ€™Yerres sur la corde raide &gt;&gt; http://t.co/92wNPsDc4Z - #Francemusique http://t.co/aeguG0WEgw",fr,fr,98
"Mdr une pÃ©tition, ils puissent trop loin lÃ  ! #LRT",fr,fr,97
"@Kmymou mÃªme de la #teamSNCF en cette pÃ©riode de grÃ¨ve ! ğŸš„",fr,fr,97
"@Speculossement le cafÃ© c'est mauvais ğŸ˜ˆğŸ˜¶",fr,fr,95
"@marleneblmp @AcaciaBrinley j'aime trop moi mais faut savoir les porter. Acacia sa lui va mega bien",fr,fr,98
"Comme d'hab j'ai reÃ§u une invit 'ventes privilÃ¨ges' pour 2 chez the kooples, comme d'hab je cherche quelqu'un pour financer les achats ahahğŸ˜‚",fr,fr,99
"@VictoriaDel__ te repondre a koi",ro,ln,94
"Colombie :: CÃ´te d'Ivoire LIVE Sur:: http://t.co/ujoYFKrPDA (BeIN Sports 1 - Arabe)... http://t.co/TCoHqKMSGy",fr,en,98
"@Lennox_96 Peut Ãªtre bien que oui ou peut Ãªtre bien que non ?",fr,fr,98
"J'espÃ¨re la CIV va gagner",fr,fr,96
"pfff comme si Ã§a intÃ©ressait quelqu'un tout Ã§a",fr,fr,98
"ils sont bientÃ´t la ptttn",fr,fr,96
"*Begin to be hungry* hur...i think it's time to eat!",en,en,97
"@PassarelliAxel ta rÃ©visÃ© une heure et aprÃ¨s ta fumÃ©",fr,fr,97
"@SteveClmnt non Ã§a va c'Ã©tait pas si pire",fr,fr,96
"@cossapie quand tu rentre a la station tu pile et tu gÃ¨re dans les 10kmh pour arrÃªter full a la fin du quai",fr,fr,98
"#Tunisie Â– Horaire administratif officiel de la sÃ©ance unique et du mois de Ramadan pour 2014 http://t.co/aqIQ8whJ5q",fr,fr,98
"@Thomas_Nzt tfou toi",fr,fr,90
"@weasleyoswald mdr en plus j'fais pu d'sport, j'crois que j'ai d'la chance :/ du coup j'mange comme un porc non stop et j'prends rien &gt;&gt; 0kg",fr,fr,99
"'The digest of "Vamos LÃ¡ Brasil"' by Jazztronik on #SoundCloud http://t.co/uBqTJtS9Kp",sk,en,97
"j'fais tt sauf rÃ©viser ://",fr,fr,96
"Putain cette musique je l'aime ** #lt",fr,fr,96
"@AlexSp5 @ManonFsl dÃ¨s qu'elle dit alexis ya un batsignal sur ton portable? :(",fr,fr,98
"Dieu Merci .",fr,lb,91
"La #COL de Mario Yepes vs #CIV de Souleymane Bamba ! #COLCIV #PSG",fr,en,97
"Allez, on zap sur les Ch'tis vs les Marseillais.",fr,fr,97
"@TisonJosephine Ahah ! x)",fr,sa,87
"@Alananas_ a mort...",pt,en,87
"#directRA : plan d'action Services aux voyageurs adoptÃ© Ã  une large majoritÃ©, 45 actions pour amÃ©liorer la satisfaction des voyageurs #TER",fr,fr,99
"@nexstaz en fosse!",no,it,90
"#URUENG - Compo #URU : Muslera - Caceres, Gimenez, Godin, Pereira - Gonzales, Arevalo Rios, Lodeiro, C.Rodriguez - Cavani, Suarez #CM2014",es,pt,99
"Moi jsuis pour les elephant",fr,fr,96
"@Link91ofTime Ouep :)",und,fr,83
"@madK_Chiica ii : KING Infinityy",en,en,94
"Devant #CIVCOL",sk,sa,87
"C'EST CONFIRMER. Harold est Ã  Paris des fans l'ont aperÃ§u il y a quelques instants. Les boys arrivent vendredi... http://t.co/QmTock04y4",fr,fr,99
"@dieudonneaman Laisse moi hein",fr,fr,94
"mais Ã§a arrivera dÃ©jÃ  #lt",fr,fr,96
"@Wi_Hipster les complÃ©mentaires faut les apprendre TOUS ?",fr,fr,97
"@1mec1manette T'as vu !! :D",lv,en,90
"Tu vois, toi, t'es quelqu'un avec qui je peux avoir une discussion. Donc je te follow @AssYouWant_ ! J'ai pas de chat, mais je l'ai perdu..",fr,fr,99
"@famouuuus envoie sms !",fr,fr,91
"Demain jvais devoir faire gaffe a mon album photo",fr,fr,98
"Parler de LibertÃ© d'expression apres avoir agressÃ© @Nicangelo_  ? hahahhahahah.",fr,fr,98
"@Ashton5SOS ilysm",fr,lb,85
"ğŸ‘½",und,??,0
"@MerinaPanda ah bah c'est un minimum oui !",fr,fr,96
"@ValentinVannier @KGoujon @mohamed49000 MDR le ballon qui rentre sur le terrain !",fr,sm,97
"#225 for life",en,en,90
"@margoupix Joyeux aniiversaire!!! :)",fr,fr,95
"W/ @Luther_Parks",und,en,66
"@5SOS you guys should really come to Belgium",en,en,97
"@drugniallx donc j'ai qd mÃªme de la chance qu'on m'appelle :')",fr,fr,97
"Vs avez connu joke avec lequel de ces son ?",fr,fr,97
"ASSE - Mercato : AprÃ¨s Ruffier, les Verts luttent pour garder TrÃ©moulinas http://t.co/RzYkpoMpPC http://t.co/H691YNyXKH",fr,fr,98
"@Laura_TheOnly Mddr moi aussi je me disais mais en fait non",fr,fr,97
"@pich_pichh Stop de fuguer",da,ca,93
"@BieberAnnual ğŸ’",und,??,0
"Dit elle...",fr,af,90
"Mixing Drums Magic With Only EQ And Compression - http://t.co/zTNSlIkqZ5 http://t.co/GwcX29cqQZ",en,en,97
"En #Russie, les sites &gt;3000 visites par jour devront s'enregistrer auprÃ¨s des autoritÃ©s et coopÃ©rer #dictature http://t.co/tcsvs5qtcj",fr,fr,98
"@Kalakoukyam La vidÃ©o de gameplay de 25minutes prÃ©sentÃ©e aujourd'hui. Je trouve Ã§a vraiment super bon.",fr,fr,98
"J'reviens de vacances et regarde de nouveaux les offres pour repartir *mes yeux disent bonjour au soleil*",fr,fr,99
"#TwilightLove &lt;3 Read: http://t.co/fuAgnNEt7Y",en,en,83
"C'est cool de parler avec ChloÃ© ğŸ’",fr,fr,97
"Kiss me thru the phone :*",en,en,95
"@omxgarhythm Jamais fait de brouillon, c'est chiant et Ã§a sert Ã  rien. *rire*",fr,fr,98
"Devant #LesAnges6",fr,sa,87
""More US bombs and drones will only escalate #Iraq's horror"All you need to know to understand what it happens #ISIS http://t.co/GQlfqW0wLL",en,en,99
"PASSION CHAUFFEUR",fr,fr,94
"J'ai rÃ©ussi a rÃ©parer la fermeture de mon pantalon, du coup je peux le remettre ptn je suis heureuse",fr,fr,99
"@Choi_Keiko mdr c'est parce que je t'aime~â™¡ mais je savais pas que j'avais un tel pouvoir lol",fr,fr,98
"@janosement mh",und,gd,75
"@Anne_Dns Oui bb",fr,fr,87
"Imaginez demain ils nous mettent une vieille douille du genre AUCUN documents.. Je crois qu'on serait tous bien dans la merde!",fr,fr,99
"@DiaryOfAFrench Mdrrr Excuse moi j'avais pas vu ton tweet :'(",fr,fr,97
"Ã‡a viens d Ãªtre  annoncer sur facebook ! https://t.co/fjhSJBLRaw @NawsTonco @Yougodu59 @MyRiam_TrDoum @Natty_Mvula @m1uradio",fr,fr,97
"@nixllsbxtch QUEL*",und,ie,83
"Pfpfpfpf",fr,en,90
"@ArabiaDiamons NOUVEAU SON K R Ã˜ M Ã˜ - "Billets" En Ã‰coute Et TÃ©lÃ©chargement !!! ---&gt; http://t.co/0UF17H7hts #Billets #Soutien #RT RT",fr,fr,98
"FIAT Qubo 1.3 MJT 75 CV MyLife 12.400â‚¬ (TVA deductible) http://t.co/fcZp1RH6Qo #fiat #qubo",ht,en,97
"chana from: chana, Woman from Laksar, 29 years http://t.co/q1QKC4WPsG",en,en,97
"#np Chiddy Bang - Mind Your Manners ft. Icona Pop",en,en,97
"@Snalu ?",und,??,0
"J'en ai marre d'Ã©tudier. Je fais que Ã§a,  je rentre de l Ã©preuve je rÃ©vise la suivante! Jamais de pause j'ai hÃ¢te que tout Ã§a s'arrÃªte!",fr,fr,99
"La nouvelle chanson de Madison Beer elle est grave bien mais j'aime pas trop sa voix",fr,fr,98
"RÃ©visions Ã  fond pour demain",fr,fr,96
"joue pas l'inaccessible si ton boule a fait le tour de France.",fr,fr,98
"Bc trop de gens si je les unfollow vont mal le prendre :// mais j'vous aime bien mais faut avouer que vous Ãªtes chiant",fr,fr,99
"Il aime trop faire le malin depuis une semaine MAIS IL OUBLIE que j'ai le numÃ©ro de sa meuf. BOUHAHAHAHAHAHAHAHAHA",fr,fr,99
"http://t.co/uLQw1lMlnf",und,??,0
"Mon negro il a plus de phone, ca m'yommmmb",fr,fr,97
"@universoflouis OOOOOOMG CONGRATS! J'SUIS TROP HAPPY POUR TOI OMG! ğŸ‰ğŸ‰ğŸ‰ğŸ‰",fr,fr,98
"Eh les tribunes sont jaunes !",fr,fr,96
"@OshanWorld je shasserais bien tournegrin dans le train mais j'ai hsim sur la mauvaise 3ds",fr,fr,98
"@_MonarchyOfRose :((((",und,??,0
"Oui, mais "jihad" a pas le mÃªme sens dans les media. Alors que j'ai pas encore vu des gens stigmatiser l'OuzbÃ©kistan. @VivreSaPrison",fr,fr,99
"Le rÃ¨gne de la Roja s'est achevÃ©. L'occasion de lui dire au revoir. Ã‰loge Ã©pistolaire par @CKuchly et @JulienMomont http://t.co/1YGCz4Sd9W",fr,fr,98
"Thibault il assume pas mddrr #LesAnges6",fr,fr,96
"Ajr y avait le match eleves contre les profs... le prof d'espagnol il est tellement nul lol",fr,fr,98
"Les Colombiens sont Ã  l'Estadio National de Brasilia pour CÃ´te dâ€™Ivoire - Colombie http://t.co/2nsUHi4z0S #CIVCOL http://t.co/y8zrVoFiPB",fr,fr,98
"@CedricLorcat si de ouf",ht,fr,90
"@Livia__Gab @JoRiS_MGX Je te jure, les antillais hein ğŸ˜’ğŸ˜’",fr,en,96
"@exserv85 si tu rates le 3, T'as juste rater ta vie.",fr,en,97
"Je dis Ã§a je dis rien mais ariana elle a dÃ©jÃ  Ã©tÃ© chanter deux fois a la maison blanche ;)",fr,fr,98
"TAKA BORDEL RETIENS TOI UN MINIMUM AUSSI LA !! https://t.co/9MWLmFEQNS",fr,fr,97
"69th U.S. Women's Open: STACY LEWIS co-leader with -2,Hole 12* in first round on June 19 at Pinehurst Resort &amp; Country Club,Play in progress",en,en,99
"@MarieClrc @FlorianeJulaud Chez pas je verrai si j'ai le courage  de me levÃ©e demain matin",fr,fr,98
"ONLINE",en,??,0
"http://t.co/Yvi4Dby1uv Ø§Ù„Ù…ØºØ±Ø¨ ÙˆØ§Ù„ØµÙŠÙ† ÙŠØªÙØ§Ù‡Ù…Ø§Ù† ÙÙŠ Ø§Ù„Ø¥Ø¹Ù„Ø§Ù… ÙˆØ§Ù„Ø³ÙŠÙ†Ù…Ø§ #Maroc #hespress",ar,ar,98
"BÃªte de journÃ©e",fr,fr,94
"@Asiatophile tg c'est pas marrant ğŸ˜­",fr,fr,95
"Demaiiiinnnnnnnnnnnnnnnnnn â™¥â™¥",fr,en,96
"Nord-Pas-de-Calais - Robe Grande Taille  - ref:674532109:  Robe Grande Taille  (3Â â‚¬) VÃª... http://t.co/Nl6r3hFTiD http://t.co/CZDqEEsEVO",fr,fr,98
"@SalomeChrlt et Ã§a rentre pas?ğŸ˜•",fr,fr,94
"Devant #COL - #CIV",ro,sa,87
""@Oxbri: Les candidats au bac qui demandent poliment aux surveillants bavards de bien vouloir fermer leurs gueules. &lt;3 #bac2014"",fr,fr,99
"@Izometri @RevenjJai :c",und,en,66
"Je participe au #Concours pour tenter de remporter un des 10 Serveurs #Minecraft ILLIMITÃ‰ =&gt; http://t.co/u5QW8GWdt7 http://t.co/I7tmpNLKUN",fr,fr,98
"Mais casse-toi putain!",fr,en,95
"As tu un copain ? si oui qu'est ce que t'aimes le plu... â€” Oui j'ai un copain et ce que j'aime le plus chez lui ... http://t.co/coZUEb4XtA",fr,fr,99
"Ils ont la dalle Ã§a fait plaisir ! ğŸ˜",fr,fr,97
"Le #style parisien de ClÃ©mence PoÃ©sy - L'Express http://t.co/Lyyxe2kcL9",fr,fr,97
"#NW #PrettyLittleLiars #5x03 with @Saraah_M23",en,en,83
"J-1  DEMAIN SUISSE/FRANCE ! vous allez regarder le match demain ? vos pronostiques ?",fr,fr,98
"#NP Nice to meet you - Fucking good",en,en,96
"HEUREUSEMENT que le clip n'est pas sortit !! On dirait qu'elle fait la pute dedans, c'est abusÃ© !",fr,fr,98
"Je fais comme si j'avait rien vue",fr,fr,97
"A lord has no friends",en,en,95
"TESTIN: http://t.co/gudlAVNjvr",fr,fi,87
"@Titiia972 @DiscoFunkyTown MDR il va y avoir du sang *o*",fr,fr,96
"@fanszinaboussam @ZinabOussama Ø§ÙƒÙŠØ¯ Ø­Ø¨ÙŠØ¨ØªÙŠ #ZinebOussamaCrew",ar,ar,95
"C'est encore moins drÃ´le.",fr,fr,96
"@Real_Liam_Payne hey babe :) please follow me if you see this â˜… love you so so much â™¡â™¥â™¡  ğŸ˜‚ğŸ˜­ x129",en,en,98
"@graylog2_fr bjr, pour envoyer mes logs apache et utiliser l'extractor j'ai besoin d'un syslog ou plutÃ´t logtash ?",fr,fr,99
"@cauetofficiel &amp; @NRJhitmusiconly S'il vous plait ! J'attends depuis 2 ans ! #OnVeutRencontrerLes5SOSAvecCauetSurNrj 14",fr,fr,97
"MT : 0-0",und,en,75
"#bill2bin sÃ©lectionnÃ© par le Dispositif d'AmorÃ§age de Provence #DAP on franchit une Ã©tape de plus vers la crÃ©ation. #startup #swaix",fr,fr,99
"RT si la Cote d'Ivoire joue mieux que lâ€™Espagne",fr,fr,97
"A.DîŒ®",und,en,80
"5 visages diffÃ©rents.",fr,fr,95
"La #CIV marquez faites pas un nul",fr,fr,96
"#promotion #dÃ©tente  DÃ©tente Ã  deux avec un modelage Ã  Toulouse: 57.86%de rÃ©duction TARIF : 59.00â‚¬ au lieu de... http://t.co/GBcq1wWmQw",fr,fr,98
"@Yvanduweb @ludoFJ vous vous souvenez de "max don't have sex with your ex"? et de E-type? c'Ã©tait l'bon temps",fr,en,98
"@Norbert_lechat Je veux la mention TB oublie pas. Sinon si on se voit en Juillet t'as mÃªme pas le droit Ã  un bisou. :)",fr,fr,99
"pkek de repente tou a ver castle?",fr,en,97
"Bon sen ai ou #ColCiv ?!",ht,pt,93
"ChÃ¢teau de la Rochepot #news #france  #castle     #photo #EveryDayMoments http://t.co/ckTFQG904g",fr,fr,96
"@Madi_sonne Tu Ã©tais sur Mons ? T'es sÃ©rieuse ?",fr,fr,97
"Si y'a un sujet qui m'Ã©nerve facilement c'est quand on critique le Portugal, le pays,l'Ã©quipe tous Ã§a. Ã‡a a le don de m'Ã©nervÃ© facilement Ã§a",fr,fr,99
"Â«You want a hot body/You better work bitchÂ»: Britney est-elle vraiment une icÃ´ne fÃ©ministe? http://t.co/FGbF3LiEgG http://t.co/sEXDlwY7GE",fr,en,98
"ğŸ•ğŸ®ğŸ•ğŸ®ğŸ•ğŸ®ğŸ•ğŸ®ğŸ•ğŸ®ğŸ•ğŸ®ğŸ•ğŸ®ğŸ•ğŸ®ğŸ•ğŸ®ğŸ•ğŸ®ğŸ•ğŸ®ğŸ•ğŸ®ğŸ•ğŸ® @Michael5SOS please follow me and make my only dream come true â¤ï¸ğŸ¸ ğŸ®ğŸ•ğŸ®ğŸ•ğŸ®ğŸ•ğŸ®ğŸ•ğŸ®ğŸ•ğŸ®ğŸ•ğŸ®ğŸ•ğŸ®ğŸ•ğŸ®ğŸ•ğŸ®ğŸ•ğŸ®ğŸ•ğŸ®ğŸ•ğŸ®ğŸ•129",en,en,98
"@SamsonAmandine mm chose pour toi frnchmt t'vas grave me manquer l'annÃ©e pro ğŸ˜Œ",fr,fr,98
"@Malcm_ toi aussi ?",fr,fr,90
"On attend L'#EffetDrogba",fr,en,92
"j'ai envie de faire pipi encore",fr,fr,96
